question_id,answer
HV-IC-0001,2942400000
HV-IC-0002,0
HV-IC-0003,75.00
HV-IC-0006,7
HV-IC-0009,75.00
HV-IC-0010,0.00
HV-IC-0014,0
HV-IC-0017,326933333
HV-IC-0018,1550300000
HV-IC-0020,2
HV-IC-0021,6
HV-IC-0023,9
HV-IC-0024,160
HV-IC-0025,19
HV-IC-0026,1621500000
HV-IC-0027,4068100000
HV-IC-0028,0
HV-IC-0030,195185714
HV-IC-0031,1267
HV-IC-0032,6
HV-IC-0033,6
HV-IC-0036,0
HV-IC-0037,62.50
HV-IC-0038,0.00
HV-IC-0039,507900000
HV-IC-0040,0
HV-IC-0041,0
HV-IC-0043,3
HV-IC-0044,0
HV-IC-0045,710
HV-IC-0046,7
HV-IC-0048,0
HV-IC-0049,2008199999
HV-IC-0050,19
HV-IC-0051,0
HV-IC-0053,62.50
HV-IC-0054,8
HV-IC-0055,12
HV-IC-0056,0
HV-IC-0059,676
HV-IC-0061,9
HV-IC-0063,13
HV-IC-0071,471500000
HV-IC-0072,4
HV-IC-0073,100.00
HV-IC-0074,2
HV-IC-0076,1449
HV-IC-0080,50.00
HV-IC-0081,0
HV-IC-0082,207675000
HV-IC-0085,2303100000
HV-IC-0086,6
HV-IC-0088,0
HV-IC-0090,0
HV-IC-0091,2
HV-IC-0092,4
HV-IC-0093,4
HV-IC-0095,88.89
HV-IC-0096,8
HV-IC-0097,77.78
HV-IC-0098,3698700000
HV-IC-0099,0
HV-IC-0100,6
HV-IC-0104,7
HV-IC-0105,8503600000
HV-IC-0110,62.50
HV-IC-0111,6
HV-IC-0112,8
HV-IC-0114,2
HV-IC-0115,611100000
HV-IC-0118,0
HV-IC-0119,326300000
HV-IC-0120,19
HV-IC-0121,0
HV-IC-0122,9
HV-IC-0123,5
HV-IC-0124,0
HV-IC-0125,0
HV-IC-0127,3
HV-IC-0129,3224900000
HV-IC-0130,0
HV-IC-0131,0
HV-IC-0134,450694737
HV-IC-0135,12
HV-IC-0136,86
HV-IC-0138,6
HV-IC-0139,100.00
HV-IC-0140,0
HV-IC-0144,1388
HV-IC-0146,62.50
HV-IC-0148,0
HV-IC-0149,1366300000
HV-IC-0151,0
HV-IC-0153,0
HV-IC-0155,3
HV-IC-0156,8503600000
HV-IC-0158,1589
HV-IC-0159,0
HV-IC-0161,801
HV-IC-0162,6
HV-IC-0163,19
HV-IC-0164,143
HV-IC-0167,8
HV-IC-0172,9
HV-IC-0175,8
HV-IC-0176,9
HV-IC-0177,87
HV-IC-0178,0
HV-IC-0180,88.89
HV-IC-0181,5
HV-IC-0183,3
HV-IC-0184,783183333
HV-IC-0185,4
HV-IC-0186,0
HV-IC-0188,260188889
HV-IC-0189,62.50
HV-IC-0191,3658900000
HV-IC-0192,9
HV-IC-0193,4
HV-IC-0194,2094200000
HV-IC-0195,75.00
HV-IC-0196,8
HV-IC-0197,3
HV-IC-0198,0
HV-IC-0200,438
HV-IC-0202,1621500000
HV-IC-0206,4098100000
HV-IC-0207,0
HV-IC-0209,353518947
HV-IC-0211,3
HV-IC-0212,0
HV-IC-0214,100.00
HV-IC-0215,9
HV-IC-0216,831800000
HV-IC-0217,6
HV-IC-0220,1338100000
HV-IC-0222,6
HV-IC-0223,8503600000
HV-IC-0224,8
HV-IC-0225,6
HV-IC-0226,3
HV-IC-0227,3
HV-IC-0228,7
HV-IC-0229,2341700000
HV-IC-0232,7
HV-IC-0233,0
HV-IC-0234,217833333
HV-IC-0235,2262700000
HV-IC-0236,3
HV-IC-0240,9
HV-IC-0242,8503600000
HV-IC-0243,0
HV-IC-0244,0
HV-IC-0248,9
HV-IC-0249,3
HV-IC-0253,77.78
HV-IC-0255,9
HV-IC-0256,0.00
HV-IC-0258,3658900000
HV-IC-0259,0
HV-IC-0260,8563200000
HV-IC-0263,3
HV-IC-0264,3224900000
HV-IC-0266,3
HV-IC-0268,416875000
HV-IC-0269,7
HV-IC-0270,410800000
HV-IC-0271,8
HV-IC-0273,9
HV-IC-0276,0
HV-IC-0278,6
HV-IC-0279,0
HV-IC-0280,8
HV-IC-0282,12
HV-IC-0284,6
HV-IC-0285,9
HV-IC-0286,1609000000
HV-IC-0287,7
HV-IC-0289,9
HV-IC-0290,1503
HV-IC-0291,585442857
HV-IC-0292,2730900000
HV-IC-0293,7
HV-IC-0294,7
HV-IC-0295,7
HV-IC-0296,6
HV-IC-0297,8
HV-IC-0299,2860100000
HV-IC-0300,7
HV-IC-0301,9
HV-IC-0302,1366300000
HV-IC-0304,4
HV-IC-0305,0
HV-IC-0306,2303100000
HV-IC-0310,9
HV-IC-0311,9
HV-IC-0312,77
HV-IC-0313,0
HV-IC-0314,85.71
HV-IC-0315,0
HV-IC-0316,9
HV-IC-0318,0
HV-IC-0319,0
HV-IC-0322,2860100000
HV-IC-0323,0
HV-IC-0324,1308
HV-IC-0326,3
HV-IC-0327,8
HV-IC-0328,0
HV-IC-0329,274683333
HV-IC-0330,7
HV-IC-0331,0.00
HV-IC-0332,9
HV-IC-0333,0
HV-IC-0334,0
HV-IC-0335,0
HV-IC-0336,62.50
HV-IC-0337,389000000
HV-IC-0338,8
HV-IC-0339,110
HV-IC-0340,3
HV-IC-0342,450694737
HV-IC-0343,0
HV-IC-0344,3
HV-IC-0346,62.50
HV-IC-0347,83.33
HV-IC-0348,0
HV-IC-0349,6
HV-IC-0350,100.00
HV-IC-0351,0
HV-IC-0352,75.00
HV-IC-0356,7
HV-IC-0357,62.50
HV-IC-0361,0.00
HV-IC-0362,9
HV-IC-0368,0
HV-IC-0371,8
HV-IC-0373,75.00
HV-IC-0374,0
HV-IC-0376,1887600000
HV-IC-0377,1957800000
HV-IC-0380,5
HV-IC-0381,0
HV-IC-0382,7
HV-IC-0385,0.00
HV-IC-0386,0
HV-IC-0387,1680
HV-IC-0389,89.47
HV-IC-0390,7
HV-IC-0391,2
HV-IC-0392,9
HV-IC-0393,9
HV-IC-0394,8
HV-IC-0395,6
HV-IC-0396,0
HV-IC-0397,6
HV-IC-0398,0
HV-IC-0399,7
HV-IC-0400,1
HV-IC-0401,0
HV-IC-0402,7
HV-IC-0403,2
HV-IC-0404,1
HV-IC-0405,9
HV-IC-0406,3
HV-IC-0407,8
HV-IC-0408,1
HV-IC-0409,12
HV-IC-0410,2
HV-IC-0411,19
HV-IC-0412,3
HV-IC-0413,3
HV-IC-0414,6
HV-IC-0415,19
HV-IC-0416,9
HV-IC-0417,3
HV-IC-0418,9
HV-IC-0419,19
HV-IC-0420,12
HV-IC-0421,9
HV-IC-0422,9
HV-IC-0423,12
HV-IC-0424,3
HV-IC-0425,9
HV-IC-0426,9
HV-IC-0427,9
HV-IC-0428,12
HV-IC-0429,7
HV-IC-0430,19
HV-IC-0431,0
HV-IC-0432,12
HV-IC-0434,12
HV-IC-0435,19
HV-IC-0436,0
HV-IC-0437,9
HV-IC-0438,0
HV-IC-0439,9
HV-IC-0440,9
HV-IC-0441,3
HV-IC-0442,12
HV-IC-0443,0
HV-IC-0444,3
HV-IC-0445,9
HV-IC-0447,8
HV-IC-0448,6
HV-IC-0449,8
HV-IC-0450,19
HV-IC-0451,9
HV-IC-0452,6
HV-IC-0453,2
HV-IC-0454,9
HV-IC-0455,9
HV-IC-0456,9
HV-IC-0457,7
HV-IC-0459,12
HV-IC-0460,19
HV-IC-0461,12
HV-IC-0462,7
HV-IC-0463,0
HV-IC-0464,11
HV-IC-0465,7
HV-IC-0466,7
HV-IC-0467,9
HV-IC-0468,0
HV-IC-0469,3
HV-IC-0470,3
HV-IC-0471,12
HV-IC-0472,9
HV-IC-0473,12
HV-IC-0474,9
HV-IC-0475,9
HV-IC-0476,6
HV-IC-0477,9
